time,temperature_2m,surface_pressure,wind_speed_10m,wind_direction_10m,cloud_cover,temperature_1000hPa,geopotential_height_1000hPa,wind_speed_1000hPa,wind_direction_1000hPa,temperature_975hPa,geopotential_height_975hPa,wind_speed_975hPa,wind_direction_975hPa,temperature_950hPa,geopotential_height_950hPa,wind_speed_950hPa,wind_direction_950hPa,temperature_925hPa,geopotential_height_925hPa,wind_speed_925hPa,wind_direction_925hPa,temperature_900hPa,geopotential_height_900hPa,wind_speed_900hPa,wind_direction_900hPa,temperature_850hPa,geopotential_height_850hPa,wind_speed_850hPa,wind_direction_850hPa,max_inv_gradient_K_per_100m,inversion_depth_m,positive_deltaT_K,lowest_profile_height_agl_m,inversion_index,dwd_temperature_obs,surface_temp_bias_K,inversion_index_corrected,surface_correction_used
2026-08-18 00:00:00+02:00,16.4,1012.7,2.8,305,45,16.4,111.0,6.86,307,14.3,326.0,7.59,305,12.2,545.0,7.73,305,10.5,767.57,8.1,305,8.8,995.09,8.47,306,5.4,1466.0,9.22,307,0.0,0.0,0.0,11.0,0.0,,,0.0,False
2026-08-18 01:00:00+02:00,16.5,1012.7,2.72,264,98,16.0,112.0,5.76,278,14.3,326.0,6.87,293,12.4,545.0,7.22,298,10.7,767.8,7.77,300,9.0,995.57,8.33,301,5.7,1467.0,9.45,302,0.0,0.0,0.0,12.0,0.0,,,0.0,False
2026-08-18 02:00:00+02:00,15.3,1011.8,2.98,256,100,15.1,104.0,6.23,264,14.0,318.0,7.49,292,12.2,537.0,7.98,297,10.5,759.57,8.51,295,8.8,987.09,9.04,293,5.4,1458.0,10.13,290,0.0,0.0,0.0,4.0,0.0,,,0.0,False
2026-08-18 03:00:00+02:00,15.6,1011.9,2.82,253,99,15.0,105.0,5.49,260,13.8,319.0,7.46,295,12.1,538.0,8.11,305,10.5,760.81,8.38,301,9.0,988.57,8.69,297,5.9,1460.0,9.41,290,0.0,0.0,0.0,5.0,0.0,,,0.0,False
2026-08-18 04:00:00+02:00,15.5,1011.3,2.69,255,100,15.1,100.0,5.06,261,14.0,314.0,5.85,293,12.3,533.0,6.71,302,10.7,755.81,7.26,297,9.2,983.57,7.86,292,6.0,1455.0,9.18,285,0.0,0.0,0.0,2.0,0.0,,,0.0,False
2026-08-18 05:00:00+02:00,15.8,1011.1,1.82,261,100,15.4,98.0,3.6,272,14.1,313.0,4.31,305,12.3,531.0,5.02,313,10.6,754.04,5.78,306,9.0,982.05,6.61,301,5.7,1454.0,8.39,293,0.0,0.0,0.0,2.0,0.0,,,0.0,False
2026-08-18 06:00:00+02:00,15.5,1010.8,2.28,247,100,15.0,95.0,4.3,252,13.9,309.0,4.31,280,12.2,528.0,4.09,297,10.7,750.8,5.5,296,9.1,978.57,6.91,295,6.0,1450.0,9.74,295,0.0,0.0,0.0,2.0,0.0,,,0.0,False
2026-08-18 07:00:00+02:00,15.7,1010.3,1.92,242,100,15.3,91.0,3.96,249,14.1,306.0,4.26,274,12.2,524.0,3.52,293,10.7,747.04,4.86,295,9.2,975.05,6.2,295,6.3,1447.0,8.89,296,0.0,0.0,0.0,2.0,0.0,,,0.0,False
2026-08-18 08:00:00+02:00,15.5,1009.6,2.19,223,93,14.7,85.0,3.61,228,13.8,299.0,4.59,252,12.1,518.0,3.18,258,10.5,740.81,4.19,266,9.0,968.57,5.23,270,5.9,1440.0,7.37,275,0.0,0.0,0.0,2.0,0.0,,,0.0,False
2026-08-18 09:00:00+02:00,15.8,1009.2,2.06,219,97,14.9,82.0,2.91,221,13.9,296.0,4.14,248,12.3,515.0,3.32,245,10.8,738.04,4.08,259,9.3,966.05,4.99,268,6.4,1438.0,7.04,278,0.0,0.0,0.0,2.0,0.0,,,0.0,False
2026-08-18 10:00:00+02:00,16.5,1009.0,2.64,209,96,15.4,80.0,3.72,211,14.0,295.0,4.25,227,12.3,513.0,3.88,222,10.9,736.28,3.93,238,9.4,964.53,4.27,253,6.5,1437.0,5.58,274,4.999999999999998,22.0,1.0999999999999996,2.0,3.1955000000000005,,,3.1955000000000005,False
2026-08-18 11:00:00+02:00,17.4,1008.9,2.25,212,100,16.1,79.0,3.19,212,14.0,294.0,3.65,215,12.5,513.0,4.03,226,11.1,736.28,3.91,236,9.8,964.53,3.91,247,7.0,1437.0,4.31,267,5.652173913043466,23.0,1.2999999999999972,2.0,3.2719999999999994,,,3.2719999999999994,False
2026-08-18 12:00:00+02:00,17.4,1008.5,2.8,215,99,16.5,77.0,4.19,213,14.3,292.0,4.48,214,12.4,510.0,4.77,216,11.0,733.28,4.48,226,9.5,961.53,4.34,238,6.6,1434.0,4.62,261,3.5999999999999943,25.0,0.8999999999999986,2.0,3.1249999999999996,,,3.1249999999999996,False
2026-08-18 13:00:00+02:00,17.8,1008.0,2.42,204,99,16.8,72.0,3.72,204,14.6,288.0,4.22,205,12.8,507.0,4.95,207,11.3,730.51,4.99,215,9.9,959.01,5.13,224,6.9,1432.0,5.69,238,3.3333333333333335,30.0,1.0,2.0,3.17,,,3.17,False
2026-08-18 14:00:00+02:00,18.8,1007.6,1.92,208,100,18.2,70.0,2.87,209,16.1,286.0,3.66,209,13.9,506.0,4.04,209,12.2,729.74,4.49,214,10.4,958.48,4.98,218,7.0,1432.0,6.0,224,1.8750000000000044,32.0,0.6000000000000014,2.0,3.0230000000000015,,,3.0230000000000015,False
2026-08-18 15:00:00+02:00,18.5,1006.6,2.72,216,100,17.9,60.0,4.24,214,15.9,276.0,5.03,212,13.8,497.0,5.74,210,12.2,721.21,5.96,216,10.6,950.44,6.23,221,7.4,1425.0,6.92,230,1.428571428571432,42.0,0.6000000000000014,2.0,2.907047619047626,,,2.907047619047626,False
2026-08-18 16:00:00+02:00,18.3,1006.1,1.61,210,100,17.8,57.0,2.59,208,15.8,273.0,3.94,207,13.7,493.0,5.1,205,12.2,717.21,5.43,216,10.8,946.44,5.93,226,7.8,1421.0,7.32,240,1.1111111111111112,45.0,0.5,2.0,2.2920370370370375,,,2.2920370370370375,False
2026-08-18 17:00:00+02:00,17.4,1006.0,1.0,186,100,17.0,56.0,1.51,188,15.0,271.0,3.22,195,13.3,491.0,5.58,199,11.8,714.98,5.76,212,10.4,943.97,6.22,224,7.6,1418.0,7.76,242,0.8695652173913012,46.0,0.3999999999999986,2.0,1.8132028985507185,,,1.8132028985507185,False
2026-08-18 18:00:00+02:00,17.7,1005.7,2.51,203,100,17.5,53.0,4.03,203,15.4,269.0,5.52,206,13.6,489.0,5.92,209,12.2,713.21,6.11,223,10.8,942.44,6.64,236,8.1,1417.0,8.42,254,0.408163265306121,49.0,0.1999999999999993,2.0,0.8967993197278883,,,0.8967993197278883,False
2026-08-18 19:00:00+02:00,17.3,1005.2,2.58,216,93,17.0,49.0,3.86,217,15.1,264.0,5.57,223,13.8,484.0,5.85,234,12.6,708.68,6.16,247,11.4,938.4,6.75,258,9.1,1414.0,8.5,274,0.5660377358490579,53.0,0.3000000000000007,2.0,1.2297358490566064,,,1.2297358490566064,False
2026-08-18 20:00:00+02:00,16.9,1004.5,2.78,232,100,16.7,42.0,3.98,231,14.8,258.0,7.48,239,13.8,478.0,9.05,260,12.7,703.15,9.83,269,11.6,933.35,10.8,276,9.4,1410.0,13.13,287,0.33333333333333215,60.0,0.1999999999999993,2.0,0.7761111111111086,,,0.7761111111111086,False
2026-08-18 21:00:00+02:00,17.5,1005.1,3.13,263,100,17.5,48.0,5.11,267,15.5,264.0,7.71,276,14.0,484.0,10.31,290,12.8,709.38,10.4,289,11.6,939.83,10.5,287,9.2,1417.0,10.71,284,0.0,0.0,0.0,2.0,0.0,,,0.0,False
2026-08-18 22:00:00+02:00,17.3,1005.1,3.57,252,100,17.3,47.0,5.58,255,16.1,263.0,10.71,275,14.7,484.0,11.03,283,13.5,709.38,11.24,285,12.3,939.83,11.46,286,9.8,1417.0,11.93,289,0.0,0.0,0.0,2.0,0.0,,,0.0,False
2026-08-18 23:00:00+02:00,17.3,1005.1,3.67,259,28,17.3,48.0,5.76,262,15.9,264.0,10.57,281,15.0,485.0,12.7,285,13.6,710.61,12.64,286,12.3,941.31,12.59,287,9.7,1419.0,12.49,290,0.0,0.0,0.0,2.0,0.0,,,0.0,False
